"tokens","types","hapaxes","pp","ttr","S.exact","S.approx"
270,105,65,0.240740740740741,0.388888888888889,520.499012340903,387.166675580813
