"tokens","types","hapaxes","pp","ttr","S.exact","S.approx"
652,126,57,0.0874233128834356,0.193251533742331,234.206916293753,227.798791456777
