"tokens","types","hapaxes","pp","ttr","S.exact","S.approx"
1992,391,191,0.0958835341365462,0.196285140562249,883.119472076356,782.516348754092
